Country code,Country name,Series code,Series name,SCALE,Decimals,1990,1991,1992,1993,1994,1995,1996,1997,1998,1999,2000,2001,2002,2003,2004,2005,2006,2007,2008,2009,2010,2011
ABW,Aruba,EN.ATM.CO2E.KT,"CO2 emissions, total (KtCO2)",0,1,1840.83,1928.84,1723.49,1771.16,1763.83,1785.83,1811.50,1851.84,1668.49,1686.82,2233.20,2236.87,2255.21,2255.21,2258.87,2273.54,2273.54,2357.88,2288.21,,,
ADO,Andorra,EN.ATM.CO2E.KT,"CO2 emissions, total (KtCO2)",0,1,,,,,,407.04,425.37,458.38,484.04,513.38,524.38,524.38,531.72,535.38,564.72,575.72,546.38,539.05,539.05,,,
AFG,Afghanistan,EN.ATM.CO2E.KT,"CO2 emissions, total (KtCO2)",0,1,2676.91,2493.56,1426.46,1375.13,1320.12,1268.78,1199.11,1114.77,1056.10,832.41,781.07,645.39,359.37,583.05,704.06,700.40,696.73,715.07,814.07,,,
AGO,Angola,EN.ATM.CO2E.KT,"CO2 emissions, total (KtCO2)",0,1,4429.74,4367.40,4418.74,5801.19,3890.69,11012.00,10491.29,7381.67,7308.33,9156.50,9541.53,9732.22,12665.82,9064.82,18793.38,19156.41,22266.02,25151.95,24370.88,,,
ALB,Albania,EN.ATM.CO2E.KT,"CO2 emissions, total (KtCO2)",0,1,7488.01,3971.36,2387.22,2343.21,1928.84,2086.52,2016.85,1543.81,1752.83,2992.27,3028.94,3230.63,3751.34,4290.39,4004.36,4602.09,4231.72,4481.07,4176.71,,,
ARE,United Arab Emirates,EN.ATM.CO2E.KT,"CO2 emissions, total (KtCO2)",0,1,52009.06,57010.85,58136.62,65980.33,73130.98,70641.09,41059.40,41646.12,81495.41,78374.79,112562.23,101333.88,84300.66,106365.00,112877.59,115627.84,122752.83,137981.88,155066.43,,,
ARG,Argentina,EN.ATM.CO2E.KT,"CO2 emissions, total (KtCO2)",0,1,112613.57,117021.30,121447.37,118609.12,123350.55,122547.47,129217.75,134677.91,137673.85,145488.23,141076.82,140471.77,131406.95,142349.27,155000.42,158924.11,175528.29,183727.70,192378.15,,,
ARM,Armenia,EN.ATM.CO2E.KT,"CO2 emissions, total (KtCO2)",0,1,,,3681.67,2929.93,2966.60,3490.98,2607.24,3278.30,3406.64,3058.28,3465.32,3542.32,3003.27,3428.65,3645.00,4349.06,4378.40,5056.79,5548.17,,,
ASM,American Samoa,EN.ATM.CO2E.KT,"CO2 emissions, total (KtCO2)",0,1,,,,,,,,,,,,,,,,,,,,,,
ATG,Antigua and Barbuda,EN.ATM.CO2E.KT,"CO2 emissions, total (KtCO2)",0,1,300.69,293.36,293.36,308.03,311.70,322.70,322.70,337.36,333.70,348.37,344.70,344.70,363.03,388.70,407.04,410.70,425.37,436.37,447.37,,,
AUS,Australia,EN.ATM.CO2E.KT,"CO2 emissions, total (KtCO2)",0,1,287331.45,281530.26,294456.43,302116.80,303957.63,307433.95,329259.93,333623.66,346912.87,325523.26,329604.63,324859.53,341397.70,346476.50,349223.08,367393.06,377381.97,380814.28,399218.96,,,
AUT,Austria,EN.ATM.CO2E.KT,"CO2 emissions, total (KtCO2)",0,1,60960.21,65888.66,60531.17,58213.63,57586.57,60622.84,61055.55,61359.91,63549.11,61755.95,61788.95,63637.12,65118.59,72316.91,72118.89,74385.10,72126.22,68807.59,67725.82,,,
AZE,Azerbaijan,EN.ATM.CO2E.KT,"CO2 emissions, total (KtCO2)",0,1,,,44172.68,43285.27,42383.19,33586.05,31565.54,29966.72,31594.87,29299.33,30546.11,29438.68,30007.06,31162.17,32262.27,34491.80,39317.57,42236.51,47139.29,,,
BDI,Burundi,EN.ATM.CO2E.KT,"CO2 emissions, total (KtCO2)",0,1,304.36,344.70,319.03,337.36,341.03,333.70,330.03,315.36,300.69,293.36,300.69,216.35,220.02,165.02,161.35,165.02,198.02,183.35,179.68,,,
BEL,Belgium,EN.ATM.CO2E.KT,"CO2 emissions, total (KtCO2)",0,1,108469.86,117578.69,114373.73,108924.57,113306.63,112976.60,119624.87,116295.24,119184.83,115844.20,115712.19,114766.10,107531.11,114835.77,111282.45,107116.74,106816.04,102529.32,104879.87,,,
BEN,Benin,EN.ATM.CO2E.KT,"CO2 emissions, total (KtCO2)",0,1,715.07,828.74,905.75,1133.10,1265.12,1327.45,1265.12,1217.44,1213.78,1562.14,1617.15,1738.16,2053.52,2321.21,2398.22,2566.90,3729.34,3879.69,4066.70,,,
BFA,Burkina Faso,EN.ATM.CO2E.KT,"CO2 emissions, total (KtCO2)",0,1,586.72,627.06,630.72,627.06,645.39,627.06,707.73,806.74,861.75,931.42,1041.43,997.42,1004.76,1078.10,1103.77,1125.77,1360.46,1646.48,1855.50,,,
BGD,Bangladesh,EN.ATM.CO2E.KT,"CO2 emissions, total (KtCO2)",0,1,15533.41,15940.45,17748.28,17407.25,18969.39,22816.07,24029.85,25063.95,24040.85,25232.63,27865.53,32449.28,33699.73,33824.41,39735.61,37652.76,46644.24,46930.27,46526.90,,,
BGR,Bulgaria,EN.ATM.CO2E.KT,"CO2 emissions, total (KtCO2)",0,1,77729.40,59706.09,53600.54,69328.30,55848.41,59805.10,56691.82,53681.21,50993.30,43982.00,43530.96,46453.56,44634.72,47307.97,46787.25,47909.36,48943.45,52812.13,50538.59,,,
BHR,Bahrain,EN.ATM.CO2E.KT,"CO2 emissions, total (KtCO2)",0,1,11884.75,11503.38,10590.30,15141.04,15254.72,16021.12,15621.42,17319.24,18404.67,18019.64,18643.03,13927.27,15698.43,16468.50,17275.24,18595.36,20186.84,21481.29,22478.71,,,
BHS,"Bahamas, The",EN.ATM.CO2E.KT,"CO2 emissions, total (KtCO2)",0,1,1950.84,1782.16,1793.16,1716.16,1719.82,1730.82,1730.82,1741.83,1793.16,1796.83,1796.83,1796.83,2082.86,1870.17,2009.52,2108.53,2137.86,2148.86,2156.20,,,
BIH,Bosnia and Herzegovina,EN.ATM.CO2E.KT,"CO2 emissions, total (KtCO2)",0,1,,,3938.36,3270.96,3630.33,3542.32,5368.49,12500.80,16226.48,18771.37,23252.45,20722.22,22944.42,23263.45,24634.91,25632.33,27469.50,28987.64,31275.84,,,
BLR,Belarus,EN.ATM.CO2E.KT,"CO2 emissions, total (KtCO2)",0,1,,,87487.29,74451.10,65914.33,62118.98,60157.14,59519.08,57597.57,55819.07,53468.53,52595.78,52390.43,53721.55,58220.96,59042.37,61807.29,60256.14,62815.71,,,
BLZ,Belize,EN.ATM.CO2E.KT,"CO2 emissions, total (KtCO2)",0,1,311.70,359.37,355.70,377.70,374.03,377.70,308.03,388.70,370.37,601.39,689.40,711.40,359.37,374.03,381.37,396.04,407.04,425.37,425.37,,,
BMU,Bermuda,EN.ATM.CO2E.KT,"CO2 emissions, total (KtCO2)",0,1,597.72,509.71,407.04,480.38,473.04,465.71,476.71,476.71,462.04,495.05,495.05,495.05,524.38,509.71,671.06,443.71,520.71,517.05,388.70,,,
BOL,Bolivia,EN.ATM.CO2E.KT,"CO2 emissions, total (KtCO2)",0,1,5504.17,5779.19,6648.27,8038.06,8907.14,9424.19,8734.79,9842.23,10326.27,9768.89,9519.53,8830.14,8346.09,11521.71,10626.97,10293.27,10465.62,13054.52,12834.50,,,
BRA,Brazil,EN.ATM.CO2E.KT,"CO2 emissions, total (KtCO2)",0,1,208886.99,219330.60,220705.73,230738.64,242154.01,275564.05,301244.05,321199.86,314012.54,322068.94,330125.34,339894.23,335185.80,324753.19,341166.68,349967.48,352541.71,368368.49,393219.74,,,
BRB,Barbados,EN.ATM.CO2E.KT,"CO2 emissions, total (KtCO2)",0,1,1074.43,1206.44,979.09,1114.77,748.07,828.74,850.74,902.08,1140.44,1210.11,1188.11,1221.11,1228.45,1268.78,1294.45,1353.12,1371.46,1349.46,1353.12,,,
BRN,Brunei Darussalam,EN.ATM.CO2E.KT,"CO2 emissions, total (KtCO2)",0,1,6420.92,5815.86,5808.53,5588.51,5408.83,5515.17,5595.84,5812.20,5984.54,4598.42,6527.26,6197.23,5320.82,5357.49,5361.15,5126.47,4822.11,9559.87,10593.96,,,
BTN,Bhutan,EN.ATM.CO2E.KT,"CO2 emissions, total (KtCO2)",0,1,128.35,187.02,216.35,187.02,212.69,249.36,304.36,396.04,385.04,385.04,399.70,414.37,513.38,465.71,469.38,682.06,421.71,579.39,733.40,,,
BWA,Botswana,EN.ATM.CO2E.KT,"CO2 emissions, total (KtCO2)",0,1,2178.20,2148.86,3296.63,3509.32,3509.32,3523.99,3138.95,3212.29,3832.02,3545.99,4275.72,4334.39,4484.74,4264.72,4378.40,4525.08,4459.07,4638.76,4840.44,,,
CAF,Central African Republic,EN.ATM.CO2E.KT,"CO2 emissions, total (KtCO2)",0,1,198.02,205.35,216.35,223.69,234.69,234.69,234.69,245.69,249.36,264.02,267.69,245.69,245.69,234.69,234.69,234.69,249.36,253.02,260.36,,,
CAN,Canada,EN.ATM.CO2E.KT,"CO2 emissions, total (KtCO2)",0,1,450076.58,449053.49,467648.84,477920.11,454491.65,459790.46,467883.53,483233.59,478880.86,477868.77,537402.52,527131.25,521832.44,553478.65,555865.86,562796.49,548704.21,544171.80,544091.13,,,
CHE,Switzerland,EN.ATM.CO2E.KT,"CO2 emissions, total (KtCO2)",0,1,42966.24,42350.18,43325.61,41022.73,41470.10,39387.25,40025.31,41580.11,41913.81,40700.03,39093.89,42999.24,40769.71,40241.66,40443.34,41374.76,41877.14,38019.46,40392.01,,,
CHI,Channel Islands,EN.ATM.CO2E.KT,"CO2 emissions, total (KtCO2)",0,1,,,,,,,,,,,,,,,,,,,,,,
CHL,Chile,EN.ATM.CO2E.KT,"CO2 emissions, total (KtCO2)",0,1,34902.51,32992.00,34117.77,36288.63,40146.32,43611.63,49526.50,57054.85,58987.36,62225.32,60094.80,54018.58,56072.10,56409.46,62434.34,63805.80,65697.97,70098.37,73108.98,,,
CHN,China,EN.ATM.CO2E.KT,"CO2 emissions, total (KtCO2)",0,1,2460744.02,2584538.27,2695982.07,2878694.01,3058241.33,3320285.15,3463089.13,3469510.05,3324344.52,3318055.61,3405179.87,3487566.36,3694242.14,4525177.01,5288166.03,5790016.98,6414463.08,6791804.71,7031916.21,,,
CIV,Cote d'Ivoire,EN.ATM.CO2E.KT,"CO2 emissions, total (KtCO2)",0,1,5797.53,5636.18,4624.09,5892.87,5251.14,7132.32,8379.10,8173.74,6912.30,6266.90,6791.28,7726.37,7286.33,5460.16,7664.03,7825.38,7139.65,6384.25,7014.97,,,
CMR,Cameroon,EN.ATM.CO2E.KT,"CO2 emissions, total (KtCO2)",0,1,1738.16,1111.10,3795.35,3898.02,3817.35,4363.73,4602.09,3215.96,3208.63,3080.28,3432.31,3421.31,3417.64,3795.35,3956.69,3696.34,4264.72,6167.89,5302.48,,,
COG,"Congo, Rep.",EN.ATM.CO2E.KT,"CO2 emissions, total (KtCO2)",0,1,1188.11,1265.12,1573.14,1543.81,2148.86,1565.81,1716.16,2343.21,777.40,821.41,1048.76,861.75,707.73,1085.43,1903.17,1606.15,1463.13,1591.48,1936.18,,,
COK,Cook Islands,EN.ATM.CO2E.KT,"CO2 emissions, total (KtCO2)",0,1,22.00,22.00,22.00,22.00,22.00,22.00,22.00,22.00,22.00,29.34,29.34,33.00,29.34,33.00,55.01,62.34,66.01,66.01,69.67,,,
COL,Colombia,EN.ATM.CO2E.KT,"CO2 emissions, total (KtCO2)",0,1,57337.21,57120.86,62049.31,64022.15,67571.81,59610.75,60523.84,64905.90,65976.66,56512.14,57923.93,56273.78,55661.39,57421.55,53772.89,59178.05,61561.60,63439.10,67700.15,,,
COM,Comoros,EN.ATM.CO2E.KT,"CO2 emissions, total (KtCO2)",0,1,77.01,77.01,77.01,77.01,77.01,80.67,66.01,66.01,73.34,80.67,84.34,88.01,91.68,99.01,102.68,110.01,121.01,121.01,124.68,,,
CPV,Cape Verde,EN.ATM.CO2E.KT,"CO2 emissions, total (KtCO2)",0,1,88.01,91.68,102.68,102.68,110.01,113.68,139.35,143.01,154.01,172.35,187.02,209.02,245.69,253.02,264.02,293.36,308.03,311.70,308.03,,,
CRI,Costa Rica,EN.ATM.CO2E.KT,"CO2 emissions, total (KtCO2)",0,1,2955.60,3336.97,3791.68,3953.03,5269.48,4866.11,4748.77,4987.12,5317.15,5522.50,5474.83,5760.86,6325.58,6626.27,6930.63,6941.63,7436.68,8118.74,8016.06,,,
CUB,Cuba,EN.ATM.CO2E.KT,"CO2 emissions, total (KtCO2)",0,1,33340.36,29633.03,31338.18,29347.00,32199.93,25658.00,26959.78,24605.57,24444.22,25276.63,26039.37,25452.65,26090.71,25485.65,23985.85,24634.91,27168.80,26838.77,31418.86,,,
CUW,Curacao,EN.ATM.CO2E.KT,"CO2 emissions, total (KtCO2)",0,1,,,,,,,,,,,,,,,,,,,,,,
CYM,Cayman Islands,EN.ATM.CO2E.KT,"CO2 emissions, total (KtCO2)",0,1,253.02,275.03,278.69,289.69,289.69,289.69,286.03,286.03,286.03,282.36,454.71,454.71,469.38,480.38,495.05,517.05,535.38,539.05,557.38,,,
CYP,Cyprus,EN.ATM.CO2E.KT,"CO2 emissions, total (KtCO2)",0,1,4653.42,4741.43,5276.81,5665.52,5812.20,5716.85,5936.87,6109.22,6640.94,6754.61,6849.96,6846.29,7022.31,7748.37,7334.00,7502.68,7788.71,8195.75,8555.11,,,
CZE,Czech Republic,EN.ATM.CO2E.KT,"CO2 emissions, total (KtCO2)",0,1,,,139503.68,131964.33,127688.61,129470.77,132558.38,130090.49,125525.08,111931.51,124648.66,124406.64,120193.26,122378.79,122708.82,120735.98,122785.83,123944.60,116995.64,,,
DEU,Germany,EN.ATM.CO2E.KT,"CO2 emissions, total (KtCO2)",0,1,55.01,960992.36,928326.72,911425.52,903622.14,901524.62,924014.33,900318.17,895532.74,824466.28,832100.97,855756.79,830909.20,835657.96,828521.98,809596.59,811881.13,787235.23,786659.51,,,
DJI,Djibouti,EN.ATM.CO2E.KT,"CO2 emissions, total (KtCO2)",0,1,399.70,399.70,414.37,429.04,429.04,429.04,436.37,440.04,410.70,443.71,403.37,385.04,399.70,407.04,458.38,473.04,487.71,487.71,524.38,,,
DMA,Dominica,EN.ATM.CO2E.KT,"CO2 emissions, total (KtCO2)",0,1,58.67,58.67,58.67,62.34,69.67,80.67,73.34,80.67,77.01,80.67,102.68,113.68,102.68,113.68,110.01,113.68,110.01,150.35,128.35,,,
DNK,Denmark,EN.ATM.CO2E.KT,"CO2 emissions, total (KtCO2)",0,1,50421.25,61433.25,54528.29,57337.21,61194.90,55298.36,68704.91,57065.85,56068.43,50930.96,47252.96,49035.12,51899.05,55947.42,50476.26,46867.93,54418.28,49695.18,46024.52,,,
DOM,Dominican Republic,EN.ATM.CO2E.KT,"CO2 emissions, total (KtCO2)",0,1,9570.87,10135.59,11206.35,11939.75,12676.82,16105.46,17546.60,18239.66,18683.37,18870.38,20117.16,20234.51,21499.62,21521.62,19999.82,19761.46,20813.89,21363.94,21616.97,,,
DZA,Algeria,EN.ATM.CO2E.KT,"CO2 emissions, total (KtCO2)",0,1,78895.51,81458.74,82261.81,82474.50,86350.52,94692.94,96566.78,88195.02,107080.07,92118.71,87930.99,84293.33,90853.59,92533.08,89493.14,107127.74,107303.75,112741.92,111304.45,,,
EAP,East Asia & Pacific,EN.ATM.CO2E.KT,"CO2 emissions, total (KtCO2)",0,1,3093880.16,3289803.58,3450813.00,3688790.23,3894961.10,4222032.12,4424809.18,4464694.64,4048977.45,4078685.16,4227383.15,4375765.62,4615783.23,5508464.63,6353836.84,6892794.56,7491421.64,7938274.13,8259297.80,,,
ECA,Europe & Central Asia,EN.ATM.CO2E.KT,"CO2 emissions, total (KtCO2)",0,1,,,3885852.61,3544417.83,3095729.97,3001413.43,2929376.07,2743439.33,2665719.98,2654211.36,2696711.29,2697657.05,2705846.24,2813025.14,2847614.05,2873631.77,2983959.16,3050860.82,3110254.41,,,
ECU,Ecuador,EN.ATM.CO2E.KT,"CO2 emissions, total (KtCO2)",0,1,16835.20,16486.83,22302.69,24187.53,13637.57,22812.41,23890.51,18276.33,22229.35,21272.27,20942.24,23446.80,24689.91,26523.41,28657.61,29299.33,29842.05,30898.14,26824.11,,,
EGY,"Egypt, Arab Rep.",EN.ATM.CO2E.KT,"CO2 emissions, total (KtCO2)",0,1,75943.57,78715.82,81264.39,93156.47,85312.76,95723.37,102030.61,108202.17,122243.11,125393.07,141326.18,125451.74,127193.56,158880.11,160581.60,174640.88,187504.71,199220.78,210320.79,,,
EMU,Euro area,EN.ATM.CO2E.KT,"CO2 emissions, total (KtCO2)",0,1,1649668.43,2718904.69,2655681.74,2587669.89,2581736.68,2647915.03,2703605.76,2661160.24,2712190.21,2589925.09,2612638.49,2677408.71,2674075.41,2735824.02,2752241.18,2735853.36,2717613.70,2684247.67,2633269.03,,,
ERI,Eritrea,EN.ATM.CO2E.KT,"CO2 emissions, total (KtCO2)",0,1,,,,,183.35,297.03,348.37,528.05,590.39,619.72,608.72,630.72,605.06,726.07,770.07,766.40,561.05,579.39,414.37,,,
ESP,Spain,EN.ATM.CO2E.KT,"CO2 emissions, total (KtCO2)",0,1,227592.36,235080.37,245098.61,226954.30,244658.57,257229.05,254328.45,264460.37,274683.97,282384.67,294441.77,297833.74,314525.92,321097.19,339428.52,353462.13,350037.15,358236.56,329285.60,,,
EST,Estonia,EN.ATM.CO2E.KT,"CO2 emissions, total (KtCO2)",0,1,,,23028.76,18628.36,18661.36,16754.52,18808.04,18613.69,17143.23,15474.74,15559.08,15984.45,15471.07,17553.93,17839.96,17462.25,16945.21,19952.15,18291.00,,,
ETH,Ethiopia,EN.ATM.CO2E.KT,"CO2 emissions, total (KtCO2)",0,1,3017.94,2984.94,2966.60,5163.14,3003.27,2152.53,3729.34,4275.72,5027.46,5075.13,5830.53,4308.73,4481.07,4946.78,5196.14,5489.50,5995.55,6560.26,7106.65,,,
FIN,Finland,EN.ATM.CO2E.KT,"CO2 emissions, total (KtCO2)",0,1,50941.96,54891.32,49126.80,51935.72,59412.73,52328.09,61385.58,60083.80,56988.85,55423.04,52141.07,56424.13,61077.55,68888.26,66970.42,54605.30,66075.67,63923.14,56512.14,,,
FJI,Fiji,EN.ATM.CO2E.KT,"CO2 emissions, total (KtCO2)",0,1,817.74,674.73,733.40,773.74,828.74,887.41,920.42,759.07,729.73,832.41,861.75,1122.10,858.08,1657.48,1888.51,1635.48,1565.81,1459.47,1254.11,,,
FRA,France,EN.ATM.CO2E.KT,"CO2 emissions, total (KtCO2)",0,1,399028.27,427667.54,397037.09,389105.37,369457.58,393289.42,408126.10,379486.83,409094.19,371309.42,365559.56,385808.74,380447.58,387147.19,389706.76,391826.28,382281.08,374283.36,376985.94,,,
FRO,Faeroe Islands,EN.ATM.CO2E.KT,"CO2 emissions, total (KtCO2)",0,1,623.39,594.05,660.06,597.72,520.71,634.39,652.73,656.39,663.73,671.06,656.39,660.06,667.39,674.73,674.73,682.06,689.40,696.73,707.73,,,
FSM,"Micronesia, Fed. Sts.",EN.ATM.CO2E.KT,"CO2 emissions, total (KtCO2)",0,1,,,,,,,,,,55.01,55.01,55.01,55.01,55.01,55.01,55.01,55.01,62.34,62.34,,,
GAB,Gabon,EN.ATM.CO2E.KT,"CO2 emissions, total (KtCO2)",0,1,4844.11,1477.80,2130.53,3281.97,3351.64,3857.68,3534.99,3545.99,1631.82,1437.46,1052.43,1782.16,1778.50,1334.79,1481.47,1785.83,1782.16,1976.51,2471.56,,,
GBR,United Kingdom,EN.ATM.CO2E.KT,"CO2 emissions, total (KtCO2)",0,1,570218.50,593808.31,587453.40,567523.26,563775.58,564523.65,580680.45,554215.71,554138.71,535550.68,543662.09,550552.38,531942.35,540636.81,545719.27,542473.98,543273.38,529621.14,522855.53,,,
GEO,Georgia,EN.ATM.CO2E.KT,"CO2 emissions, total (KtCO2)",0,1,,,15335.39,9952.24,6083.55,2302.88,4066.70,4437.07,4961.45,4345.40,4536.08,3769.68,3388.31,3773.34,3927.36,4734.10,5496.83,6028.55,5203.47,,,
GHA,Ghana,EN.ATM.CO2E.KT,"CO2 emissions, total (KtCO2)",0,1,3931.02,4044.70,4096.04,4664.42,5071.46,5427.16,5757.19,6395.25,6409.92,6560.26,6299.91,6919.63,7414.67,7601.69,7279.00,7007.64,9350.85,9636.88,8591.78,,,
GIB,Gibraltar,EN.ATM.CO2E.KT,"CO2 emissions, total (KtCO2)",0,1,95.34,106.34,91.68,333.70,399.70,348.37,194.35,121.01,311.70,322.70,333.70,344.70,344.70,355.70,366.70,377.70,392.37,407.04,421.71,,,
GIN,Guinea,EN.ATM.CO2E.KT,"CO2 emissions, total (KtCO2)",0,1,1056.10,1074.43,1074.43,1103.77,1228.45,1250.45,1272.45,1279.78,1243.11,1272.45,1279.78,1298.12,1323.79,1342.12,1342.12,1360.46,1360.46,1389.79,1393.46,,,
GMB,"Gambia, The",EN.ATM.CO2E.KT,"CO2 emissions, total (KtCO2)",0,1,190.68,198.02,198.02,209.02,209.02,216.35,216.35,216.35,234.69,256.69,275.03,282.36,315.36,315.36,322.70,322.70,337.36,396.04,410.70,,,
GNB,Guinea-Bissau,EN.ATM.CO2E.KT,"CO2 emissions, total (KtCO2)",0,1,253.02,256.69,260.36,278.69,278.69,282.36,286.03,308.03,216.35,245.69,198.02,198.02,209.02,249.36,256.69,264.02,275.03,286.03,282.36,,,
GNQ,Equatorial Guinea,EN.ATM.CO2E.KT,"CO2 emissions, total (KtCO2)",0,1,121.01,201.69,216.35,102.68,36.67,132.01,117.34,293.36,168.68,473.04,454.71,3094.95,4979.79,6017.55,4679.09,4712.10,4752.43,4796.44,4814.77,,,
GRC,Greece,EN.ATM.CO2E.KT,"CO2 emissions, total (KtCO2)",0,1,72723.94,67615.81,75503.53,75646.54,78363.79,79185.20,80395.31,84572.02,87809.98,86636.54,91616.33,93805.53,93669.85,95738.04,97149.83,98675.30,97285.51,98213.26,97813.56,,,
GRD,Grenada,EN.ATM.CO2E.KT,"CO2 emissions, total (KtCO2)",0,1,121.01,121.01,128.35,143.01,165.02,172.35,176.02,205.35,190.68,205.35,205.35,220.02,216.35,227.35,216.35,234.69,245.69,245.69,245.69,,,
GRL,Greenland,EN.ATM.CO2E.KT,"CO2 emissions, total (KtCO2)",0,1,557.38,550.05,484.04,502.38,506.05,506.05,517.05,524.38,531.72,542.72,531.72,539.05,539.05,535.38,498.71,630.72,579.39,638.06,575.72,,,
GTM,Guatemala,EN.ATM.CO2E.KT,"CO2 emissions, total (KtCO2)",0,1,5086.13,5053.13,6017.55,5658.18,6838.96,7165.32,6651.94,7598.02,8753.13,8929.15,9915.57,10626.97,11173.35,10670.97,11206.35,12156.11,12288.12,12926.18,11914.08,,,
GUM,Guam,EN.ATM.CO2E.KT,"CO2 emissions, total (KtCO2)",0,1,,,,,,,,,,,,,,,,,,,,,,
GUY,Guyana,EN.ATM.CO2E.KT,"CO2 emissions, total (KtCO2)",0,1,1140.44,1122.10,1052.43,1056.10,1334.79,1481.47,1529.14,1602.48,1653.82,1650.15,1580.48,1518.14,1547.47,1521.81,1463.13,1514.47,1525.47,1525.47,1525.47,,,
HIC,High income,EN.ATM.CO2E.KT,"CO2 emissions, total (KtCO2)",0,1,10605543.06,11763151.95,11821713.93,12122350.93,12251534.45,12327909.91,12637718.63,12744117.44,12658000.47,12631659.80,12883981.27,12800476.69,12896363.48,13132316.19,13347825.40,13387488.88,13353377.18,13422816.75,13284694.51,,,
HKG,"Hong Kong SAR, China",EN.ATM.CO2E.KT,"CO2 emissions, total (KtCO2)",0,1,27660.18,28892.29,33428.37,35129.86,31429.86,31620.54,29365.34,30854.14,39233.23,42753.55,40582.69,37971.79,36952.36,40065.64,38415.49,40549.69,38554.84,39962.97,38573.17,,,
HND,Honduras,EN.ATM.CO2E.KT,"CO2 emissions, total (KtCO2)",0,1,2592.57,2698.91,3076.61,2849.26,3336.97,3879.69,3960.36,4158.38,4649.76,4741.43,5031.12,5713.19,6090.89,6769.28,7367.00,7620.03,7308.33,9035.49,8672.46,,,
HRV,Croatia,EN.ATM.CO2E.KT,"CO2 emissions, total (KtCO2)",0,1,,,16442.83,16428.16,16875.53,17612.60,18518.35,19295.75,20417.86,20491.20,19644.12,20714.88,21877.32,23542.14,23047.10,23105.77,23175.44,24367.22,23303.79,,,
HTI,Haiti,EN.ATM.CO2E.KT,"CO2 emissions, total (KtCO2)",0,1,993.76,997.42,909.42,663.73,300.69,942.42,1092.77,1422.80,1232.11,1331.12,1367.79,1569.48,1826.17,1734.49,1987.51,2075.52,2119.53,2398.22,2434.89,,,
HUN,Hungary,EN.ATM.CO2E.KT,"CO2 emissions, total (KtCO2)",0,1,62991.73,63435.43,58716.00,60124.13,58066.95,60054.46,62702.03,61807.29,60853.87,60362.49,57256.54,57021.85,56031.76,59009.36,57311.54,57879.93,57227.20,55848.41,54638.30,,,
IDN,Indonesia,EN.ATM.CO2E.KT,"CO2 emissions, total (KtCO2)",0,1,149565.93,179730.67,202576.08,218600.87,221413.46,224941.11,253290.69,278659.00,210210.78,237595.93,258120.13,289065.94,303506.59,311885.68,333733.67,336311.57,338134.07,368617.84,406028.58,,,
IMY,Isle of Man,EN.ATM.CO2E.KT,"CO2 emissions, total (KtCO2)",0,1,,,,,,,,,,,,,,,,,,,,,,
IND,India,EN.ATM.CO2E.KT,"CO2 emissions, total (KtCO2)",0,1,690576.77,737851.74,783634.23,814297.69,864931.62,920046.63,1002224.10,1043939.90,1071911.77,1144390.03,1186663.20,1203843.10,1226791.18,1281913.53,1346595.74,1411127.61,1504364.75,1612383.57,1742697.75,,,
IRL,Ireland,EN.ATM.CO2E.KT,"CO2 emissions, total (KtCO2)",0,1,30417.77,33109.34,31253.84,31286.84,32691.31,32892.99,35008.85,36552.66,38140.47,40098.65,40949.39,43780.31,43457.62,42694.88,43211.93,43211.93,43112.92,44411.04,43604.30,,,
IRN,"Iran, Islamic Rep.",EN.ATM.CO2E.KT,"CO2 emissions, total (KtCO2)",0,1,227185.32,233745.58,247471.16,229678.88,296744.64,284918.57,286645.72,290617.08,316176.07,316671.12,339241.50,357085.13,375211.11,412317.48,442471.22,458866.38,492349.76,506346.69,538403.61,,,
IRQ,Iraq,EN.ATM.CO2E.KT,"CO2 emissions, total (KtCO2)",0,1,52555.44,47421.64,61671.61,66801.74,75045.16,77901.75,69500.65,68308.88,72371.91,72283.90,72445.25,85342.09,87259.93,91117.62,98979.66,97527.53,100853.50,100494.14,102936.36,,,
ISL,Iceland,EN.ATM.CO2E.KT,"CO2 emissions, total (KtCO2)",0,1,2071.86,2024.18,1892.17,1991.18,2009.52,1939.84,2211.20,2104.86,2101.19,2068.19,2163.53,2101.19,2170.86,2167.20,2233.20,2203.87,2233.20,2339.55,2229.54,,,
ISR,Israel,EN.ATM.CO2E.KT,"CO2 emissions, total (KtCO2)",0,1,33534.72,34315.79,41499.44,45148.10,47120.95,54234.93,54399.95,63402.43,62779.04,62155.65,62691.03,65749.31,63145.74,65122.25,63200.75,59211.05,65778.65,36816.68,37663.76,,,
ITA,Italy,EN.ATM.CO2E.KT,"CO2 emissions, total (KtCO2)",0,1,424183.89,433974.78,432959.02,422680.42,412163.47,437623.45,428294.60,432302.63,441752.49,437018.39,446156.56,447054.97,449284.51,468349.24,470490.77,471400.18,468268.57,459376.09,445118.80,,,
JAM,Jamaica,EN.ATM.CO2E.KT,"CO2 emissions, total (KtCO2)",0,1,7964.72,8173.74,8096.74,8415.77,8632.12,9702.88,10197.93,10630.63,9728.55,9772.56,10318.94,10626.97,10300.60,10722.31,10714.97,10128.25,12086.43,13894.26,12203.78,,,
JOR,Jordan,EN.ATM.CO2E.KT,"CO2 emissions, total (KtCO2)",0,1,10403.28,9798.22,12266.12,12101.10,13633.91,13556.90,14187.62,14418.64,14543.32,14568.99,15507.74,16002.79,16886.54,17469.59,19240.75,21026.58,20733.22,21495.95,21382.28,,,
JPN,Japan,EN.ATM.CO2E.KT,"CO2 emissions, total (KtCO2)",0,1,1094705.84,1100598.71,1123660.48,1108673.45,1174169.73,1184088.97,1205782.94,1201778.58,1159186.37,1197880.56,1219592.86,1202266.29,1216761.94,1237242.13,1259658.50,1238188.22,1231770.97,1251187.73,1208162.82,,,
KAZ,Kazakhstan,EN.ATM.CO2E.KT,"CO2 emissions, total (KtCO2)",0,1,,,261306.75,221105.43,199488.47,166731.16,140691.79,129580.78,125063.04,116493.26,127769.28,147908.45,151945.81,153815.98,172158.32,177233.44,192121.46,227401.67,236954.21,,,
KEN,Kenya,EN.ATM.CO2E.KT,"CO2 emissions, total (KtCO2)",0,1,5823.20,4840.44,5540.84,6347.58,6556.60,7554.02,9328.85,8265.42,10036.58,10172.26,10417.95,9369.19,7968.39,6754.61,7623.69,8562.45,9574.54,9831.23,10392.28,,,
KGZ,Kyrgyz Republic,EN.ATM.CO2E.KT,"CO2 emissions, total (KtCO2)",0,1,,,10861.65,8305.76,6061.55,4473.74,5588.51,5482.17,5823.20,4561.75,4528.75,3780.68,4847.77,5276.81,5606.84,5185.14,5170.47,6461.25,6208.23,,,
KHM,Cambodia,EN.ATM.CO2E.KT,"CO2 emissions, total (KtCO2)",0,1,451.04,462.04,476.71,476.71,539.05,1437.46,1628.15,1906.84,2233.20,2196.53,2255.21,2643.91,2860.26,3127.95,3498.32,3722.01,4074.04,4440.74,4602.09,,,
KIR,Kiribati,EN.ATM.CO2E.KT,"CO2 emissions, total (KtCO2)",0,1,22.00,22.00,22.00,22.00,22.00,22.00,36.67,29.34,33.00,29.34,33.00,25.67,25.67,25.67,25.67,25.67,29.34,33.00,29.34,,,
KNA,St. Kitts and Nevis,EN.ATM.CO2E.KT,"CO2 emissions, total (KtCO2)",0,1,66.01,73.34,73.34,84.34,88.01,95.34,102.68,102.68,102.68,102.68,102.68,183.35,198.02,220.02,227.35,234.69,234.69,249.36,249.36,,,
KOR,"Korea, Rep.",EN.ATM.CO2E.KT,"CO2 emissions, total (KtCO2)",0,1,243815.16,268431.73,286568.72,317085.49,340352.61,370781.37,401030.45,423175.47,363839.74,395005.57,432460.31,440216.02,465584.32,465771.34,482276.51,462918.41,470820.80,498205.95,509170.28,,,
KSV,Kosovo,EN.ATM.CO2E.KT,"CO2 emissions, total (KtCO2)",0,1,,,,,,,,,,,,,,,,,,,,,,
KWT,Kuwait,EN.ATM.CO2E.KT,"CO2 emissions, total (KtCO2)",0,1,45423.13,10579.30,17612.60,29376.34,34436.80,50329.58,47674.67,49361.49,51088.64,53314.51,59112.04,55144.35,52727.79,61653.27,69529.99,77216.02,71950.21,73002.64,76742.98,,,
LAC,Latin America & Caribbean,EN.ATM.CO2E.KT,"CO2 emissions, total (KtCO2)",0,1,986228.65,1001061.66,1022689.63,1056323.35,1104848.77,1129491.01,1173293.32,1230476.52,1280047.02,1306420.09,1293515.92,1327817.03,1335657.08,1354190.10,1371285.65,1416279.74,1449594.44,1515347.41,1584103.66,,,
LAO,Lao PDR,EN.ATM.CO2E.KT,"CO2 emissions, total (KtCO2)",0,1,234.69,253.02,278.69,278.69,300.69,315.36,535.38,718.73,894.75,902.08,1059.76,1199.11,1323.79,1356.79,1397.13,1426.46,1518.14,1536.47,1532.81,,,
LBN,Lebanon,EN.ATM.CO2E.KT,"CO2 emissions, total (KtCO2)",0,1,9097.83,9497.53,11356.70,11657.39,12742.83,13619.24,13798.92,15647.09,16178.80,16600.51,15353.73,16208.14,16039.46,18221.32,16835.20,17539.26,15027.37,15504.08,17099.22,,,
LBR,Liberia,EN.ATM.CO2E.KT,"CO2 emissions, total (KtCO2)",0,1,484.04,286.03,289.69,322.70,319.03,333.70,344.70,355.70,388.70,407.04,436.37,502.38,502.38,531.72,627.06,740.73,759.07,678.40,608.72,,,
LBY,Libya,EN.ATM.CO2E.KT,"CO2 emissions, total (KtCO2)",0,1,40318.67,42489.53,40571.69,42636.21,41862.47,45841.17,41840.47,48598.75,48133.04,47230.96,49753.86,51073.98,47623.33,49167.14,50318.57,52093.40,53780.22,54201.93,58330.97,,,
LCA,St. Lucia,EN.ATM.CO2E.KT,"CO2 emissions, total (KtCO2)",0,1,165.02,172.35,205.35,227.35,264.02,311.70,330.03,311.70,308.03,319.03,330.03,363.03,326.36,359.37,355.70,366.70,366.70,385.04,396.04,,,
LIC,Low income,EN.ATM.CO2E.KT,"CO2 emissions, total (KtCO2)",0,1,329171.32,335600.29,343641.37,348730.09,342353.55,346829.07,351782.83,329805.37,161532.14,172432.61,179033.94,181787.86,179609.66,184387.76,196848.23,205263.99,218076.49,209811.07,219121.59,,,
LIE,Liechtenstein,EN.ATM.CO2E.KT,"CO2 emissions, total (KtCO2)",0,1,,,,,,,,,,,,,,,,,,,,,,
LKA,Sri Lanka,EN.ATM.CO2E.KT,"CO2 emissions, total (KtCO2)",0,1,3773.34,4063.04,5056.79,4902.78,5408.83,5797.53,6952.63,7506.35,7763.04,8536.78,10161.26,10245.60,11008.33,10659.97,11965.42,11642.73,11741.73,12313.79,11763.74,,,
LMC,Lower middle income,EN.ATM.CO2E.KT,"CO2 emissions, total (KtCO2)",0,1,1981551.51,2133997.35,2330010.52,2293583.16,2249929.09,2321252.53,2424633.52,2447826.58,2433867.58,2559061.72,2685574.88,2758254.13,2832890.25,2989881.86,3131920.66,3222338.69,3304999.47,3528645.41,3743902.66,,,
LMY,Low & middle income,EN.ATM.CO2E.KT,"CO2 emissions, total (KtCO2)",0,1,9540578.44,9929307.62,10325599.97,10316726.53,10267189.59,10597246.22,10886504.42,10865869.89,10519935.06,10643991.02,10946584.61,11171872.24,11482963.95,12681177.01,13760280.02,14498599.94,15399030.50,16174349.50,16822433.22,,,
LSO,Lesotho,EN.ATM.CO2E.KT,"CO2 emissions, total (KtCO2)",0,1,,,,,,,,,,,,,,,,,,,,,,
LTU,Lithuania,EN.ATM.CO2E.KT,"CO2 emissions, total (KtCO2)",0,1,,,22152.35,17495.26,17359.58,16204.47,15731.43,15339.06,16197.14,13692.58,12200.11,12918.84,13212.20,12915.17,13325.88,14000.61,14293.97,15137.38,15130.04,,,
LUX,Luxembourg,EN.ATM.CO2E.KT,"CO2 emissions, total (KtCO2)",0,1,9893.57,10630.63,11804.07,10821.32,10219.93,8349.76,8437.77,7917.05,7356.00,7686.03,8236.08,8580.78,9424.19,9919.24,11067.01,11327.36,11312.70,10843.32,10502.29,,,
LVA,Latvia,EN.ATM.CO2E.KT,"CO2 emissions, total (KtCO2)",0,1,,,14051.94,12068.10,11268.69,9636.88,9548.87,8437.77,7990.39,6743.61,6171.56,6853.62,6651.94,7088.31,7132.32,7176.32,7590.69,7928.05,7590.69,,,
MAC,"Macao SAR, China",EN.ATM.CO2E.KT,"CO2 emissions, total (KtCO2)",0,1,1034.09,1092.77,1085.43,1188.11,1283.45,1243.11,1415.46,1499.80,1565.81,1532.81,1635.48,1686.82,1525.47,1536.47,1727.16,1837.17,1631.82,1558.48,1334.79,,,
MAF,St. Martin (French part),EN.ATM.CO2E.KT,"CO2 emissions, total (KtCO2)",0,1,,,,,,,,,,,,,,,,,,,,,,
MAR,Morocco,EN.ATM.CO2E.KT,"CO2 emissions, total (KtCO2)",0,1,23542.14,24975.94,26039.37,28217.57,29640.36,30373.76,31195.17,31862.56,32038.58,33153.35,33905.08,37715.10,38254.14,37561.08,40590.02,42823.23,43993.00,46281.21,47905.69,,,
MCO,Monaco,EN.ATM.CO2E.KT,"CO2 emissions, total (KtCO2)",0,1,,,,,,,,,,,,,,,,,,,,,,
MDA,Moldova,EN.ATM.CO2E.KT,"CO2 emissions, total (KtCO2)",0,1,,,20971.57,15628.75,12090.10,11191.68,11521.71,7099.31,6270.57,4503.08,3512.99,3714.67,3986.03,4290.39,4554.41,4895.45,4994.45,4686.43,4774.43,,,
MDG,Madagascar,EN.ATM.CO2E.KT,"CO2 emissions, total (KtCO2)",0,1,986.42,1074.43,1045.10,1070.76,1316.45,1312.79,1411.80,1701.49,1738.16,1925.18,1873.84,1741.83,1235.78,1756.49,1936.18,1705.16,1697.82,1804.16,1910.51,,,
MDV,Maldives,EN.ATM.CO2E.KT,"CO2 emissions, total (KtCO2)",0,1,154.01,172.35,253.02,216.35,220.02,275.03,319.03,366.70,333.70,465.71,498.71,575.72,689.40,597.72,751.74,678.40,869.08,898.42,920.42,,,
MEX,Mexico,EN.ATM.CO2E.KT,"CO2 emissions, total (KtCO2)",0,1,325603.93,336586.60,342629.81,341441.70,362424.28,345178.38,354877.59,361595.54,372167.50,380814.28,383021.82,393604.78,390781.19,402068.22,405709.55,432665.66,441653.48,449860.23,475833.59,,,
MHL,Marshall Islands,EN.ATM.CO2E.KT,"CO2 emissions, total (KtCO2)",0,1,47.67,51.34,55.01,62.34,66.01,66.01,66.01,66.01,69.67,66.01,77.01,80.67,84.34,84.34,88.01,84.34,91.68,99.01,99.01,,,
MIC,Middle income,EN.ATM.CO2E.KT,"CO2 emissions, total (KtCO2)",0,1,9206507.19,9591788.54,9982401.63,9968446.69,9925277.49,10250867.07,10535179.71,10536502.45,10358677.65,10471844.90,10767846.92,10990388.53,11303680.97,12497176.95,13563858.71,14293789.90,15181436.26,15965016.56,16603810.26,,,
MKD,"Macedonia, FYR",EN.ATM.CO2E.KT,"CO2 emissions, total (KtCO2)",0,1,,,10777.31,10340.94,10469.29,10839.65,11741.73,10634.30,12625.48,11723.40,12064.43,11998.42,10934.99,11309.03,11191.68,11246.69,10909.33,11327.36,11815.07,,,
MLI,Mali,EN.ATM.CO2E.KT,"CO2 emissions, total (KtCO2)",0,1,421.71,436.37,443.71,454.71,462.04,469.38,487.71,524.38,517.05,539.05,542.72,546.38,553.72,539.05,564.72,568.39,568.39,579.39,594.05,,,
MLT,Malta,EN.ATM.CO2E.KT,"CO2 emissions, total (KtCO2)",0,1,2178.20,2200.20,2258.87,2669.58,2658.58,2695.25,2966.60,3241.63,2145.20,2346.88,2064.52,2486.23,2299.21,2581.57,2574.23,2698.91,2574.23,2724.58,2559.57,,,
MMR,Myanmar,EN.ATM.CO2E.KT,"CO2 emissions, total (KtCO2)",0,1,4275.72,4180.38,4888.11,5342.82,6244.90,6959.97,7256.99,7499.02,8078.40,8830.14,8888.81,7348.67,8173.74,9611.21,11470.38,14543.32,13028.85,13047.19,12775.83,,,
MNA,Middle East & North Africa,EN.ATM.CO2E.KT,"CO2 emissions, total (KtCO2)",0,1,566372.45,597625.19,637511.14,640556.43,717998.50,736006.07,739326.54,751419.64,822695.12,816263.20,854818.04,872889.01,893655.23,987746.79,1029682.60,1082102.36,1136439.97,1175841.89,1230256.50,,,
MNE,Montenegro,EN.ATM.CO2E.KT,"CO2 emissions, total (KtCO2)",0,1,,,,,,,,,,,,,,,,2057.19,2471.56,1965.51,1950.84,,,
MNG,Mongolia,EN.ATM.CO2E.KT,"CO2 emissions, total (KtCO2)",0,1,10043.91,12207.44,11078.01,9314.18,7961.06,7924.39,8041.73,7711.70,7708.03,7554.02,7506.35,7884.05,8287.42,8034.40,8551.44,8808.13,9442.53,10560.96,10894.66,,,
MNP,Northern Mariana Islands,EN.ATM.CO2E.KT,"CO2 emissions, total (KtCO2)",0,1,,,,,,,,,,,,,,,,,,,,,,
MOZ,Mozambique,EN.ATM.CO2E.KT,"CO2 emissions, total (KtCO2)",0,1,1001.09,1026.76,1001.09,1078.10,1070.76,1111.10,1041.43,1125.77,1133.10,1188.11,1349.46,1580.48,1587.81,1917.84,1921.51,1822.50,1980.18,2574.23,2313.88,,,
MRT,Mauritania,EN.ATM.CO2E.KT,"CO2 emissions, total (KtCO2)",0,1,2665.91,2750.25,2944.60,2962.94,3124.28,2984.94,2999.61,2999.61,1111.10,1199.11,1195.44,1283.45,1411.80,1452.13,1613.48,1657.48,1672.15,1950.84,1998.52,,,
MUS,Mauritius,EN.ATM.CO2E.KT,"CO2 emissions, total (KtCO2)",0,1,1463.13,1521.81,1708.82,1774.83,1624.48,1829.83,1950.84,1998.52,2196.53,2467.89,2768.59,2966.60,2981.27,3146.29,3193.96,3410.31,3777.01,3887.02,3953.03,,,
MWI,Malawi,EN.ATM.CO2E.KT,"CO2 emissions, total (KtCO2)",0,1,612.39,660.06,656.39,693.06,718.73,729.73,711.40,759.07,828.74,997.42,905.75,905.75,883.75,957.09,975.42,916.75,953.42,953.42,1228.45,,,
MYS,Malaysia,EN.ATM.CO2E.KT,"CO2 emissions, total (KtCO2)",0,1,56592.81,68591.24,75298.18,91722.67,94010.88,121132.01,125374.73,124821.01,114186.71,107934.48,126603.18,136716.76,135128.95,160266.24,168040.28,183445.34,179418.98,194919.39,208267.27,,,
MYT,Mayotte,EN.ATM.CO2E.KT,"CO2 emissions, total (KtCO2)",0,1,,,,,,,,,,,,,,,,,,,,,,
NAM,Namibia,EN.ATM.CO2E.KT,"CO2 emissions, total (KtCO2)",0,1,7.33,14.67,14.67,18.34,29.34,1741.83,1906.84,1903.17,1994.85,1771.16,1763.83,2086.52,2214.87,2361.55,2497.23,2658.58,2852.93,2992.27,3967.69,,,
NCL,New Caledonia,EN.ATM.CO2E.KT,"CO2 emissions, total (KtCO2)",0,1,1624.48,1789.50,1771.16,1771.16,1723.49,1730.82,1763.83,1826.17,1804.16,2035.19,2299.21,2119.53,2427.55,2750.25,2552.23,2801.59,2779.59,2852.93,3149.95,,,
NER,Niger,EN.ATM.CO2E.KT,"CO2 emissions, total (KtCO2)",0,1,832.41,821.41,784.74,880.08,872.75,920.42,1015.76,1012.09,1074.43,1059.76,795.74,759.07,814.07,880.08,880.08,825.08,817.74,872.75,850.74,,,
NGA,Nigeria,EN.ATM.CO2E.KT,"CO2 emissions, total (KtCO2)",0,1,45375.46,45247.11,64883.90,60061.79,46658.91,34917.17,40421.34,40190.32,40182.99,44788.74,79181.53,83350.91,98125.25,93138.13,97047.16,104043.79,92225.05,88605.72,95756.37,,,
NIC,Nicaragua,EN.ATM.CO2E.KT,"CO2 emissions, total (KtCO2)",0,1,2643.91,2068.19,2489.89,2302.88,2555.90,2838.26,2926.27,3135.29,3421.31,3626.66,3667.00,3835.68,3813.68,4114.37,4136.38,3975.03,4239.05,4510.41,4330.73,,,
NIU,Niue,EN.ATM.CO2E.KT,"CO2 emissions, total (KtCO2)",0,1,3.67,3.67,3.67,3.67,3.67,3.67,3.67,3.67,3.67,3.67,3.67,3.67,3.67,3.67,3.67,3.67,3.67,3.67,3.67,,,
NLD,Netherlands,EN.ATM.CO2E.KT,"CO2 emissions, total (KtCO2)",0,1,164127.59,172704.70,168113.62,172150.98,172745.04,176309.36,186356.94,178278.54,175359.61,163027.49,165363.37,167273.87,172363.67,175040.58,176903.41,172227.99,166841.17,172495.68,173749.79,,,
NOR,Norway,EN.ATM.CO2E.KT,"CO2 emissions, total (KtCO2)",0,1,31330.85,32023.91,29677.03,31316.18,29247.99,32999.33,33179.02,34132.44,34594.48,41022.73,38807.86,41092.40,37429.07,42625.21,42665.55,42364.85,44257.02,44924.42,49992.21,,,
NPL,Nepal,EN.ATM.CO2E.KT,"CO2 emissions, total (KtCO2)",0,1,634.39,960.75,1331.12,1466.80,1697.82,2035.19,2486.23,2783.25,2251.54,3219.63,3234.29,3454.31,2709.91,2951.94,2768.59,3234.29,3325.97,3421.31,3542.32,,,
NRU,Nauru,EN.ATM.CO2E.KT,"CO2 emissions, total (KtCO2)",0,1,132.01,132.01,135.68,135.68,135.68,139.35,139.35,139.35,139.35,135.68,135.68,139.35,139.35,143.01,143.01,143.01,143.01,143.01,143.01,,,
NZL,New Zealand,EN.ATM.CO2E.KT,"CO2 emissions, total (KtCO2)",0,1,24022.52,24458.89,26171.38,25511.32,26439.07,26904.78,29702.70,31063.16,30058.40,31558.20,32698.64,34202.11,33641.06,33714.40,33545.72,33369.70,33553.05,32936.99,33094.68,,,
OMN,Oman,EN.ATM.CO2E.KT,"CO2 emissions, total (KtCO2)",0,1,10351.94,10949.66,12097.43,13468.89,15269.39,15933.12,15225.38,15595.75,16666.52,20817.56,22057.01,20443.53,25544.32,32691.31,31561.87,34653.15,38917.87,40373.67,45749.49,,,
PAK,Pakistan,EN.ATM.CO2E.KT,"CO2 emissions, total (KtCO2)",0,1,68565.57,68242.87,72789.95,78008.09,84839.71,84484.01,94447.25,94711.28,97663.21,100384.13,106449.34,108282.84,114084.04,118895.14,131619.63,136636.09,145854.93,160882.29,163177.83,,,
PAN,Panama,EN.ATM.CO2E.KT,"CO2 emissions, total (KtCO2)",0,1,3135.29,3391.98,4015.37,4129.04,4781.77,3472.65,4880.78,5958.88,5947.87,5669.18,5790.19,7007.64,5834.20,6153.23,5797.53,6032.22,6824.29,6651.94,6912.30,,,
PER,Peru,EN.ATM.CO2E.KT,"CO2 emissions, total (KtCO2)",0,1,21169.59,20417.86,20388.52,23556.81,23230.45,23883.17,24363.55,27407.16,27806.86,29358.00,30296.75,27165.14,27187.14,26380.40,31895.57,37418.07,35346.21,43512.62,40535.02,,,
PHL,Philippines,EN.ATM.CO2E.KT,"CO2 emissions, total (KtCO2)",0,1,44532.05,45830.17,50322.24,51290.33,56270.12,63105.40,65642.97,77403.04,75650.21,73020.97,79111.86,77164.68,76057.25,76244.26,78998.18,81066.37,67630.48,78580.14,83156.56,,,
PLW,Palau,EN.ATM.CO2E.KT,"CO2 emissions, total (KtCO2)",0,1,234.69,234.69,113.68,110.01,110.01,113.68,117.34,117.34,117.34,117.34,117.34,183.35,183.35,190.68,190.68,194.35,205.35,212.69,212.69,,,
PNG,Papua New Guinea,EN.ATM.CO2E.KT,"CO2 emissions, total (KtCO2)",0,1,2141.53,2064.52,2053.52,1994.85,2181.87,2038.85,2163.53,2555.90,2838.26,2464.22,2687.91,3230.63,3512.99,3967.69,4481.07,4613.09,4594.75,3113.28,2108.53,,,
POL,Poland,EN.ATM.CO2E.KT,"CO2 emissions, total (KtCO2)",0,1,366773.34,361591.87,357283.14,352519.71,336161.22,346813.86,358823.28,351049.24,326935.05,317133.16,301691.42,302806.19,296931.66,304856.05,305138.40,303766.95,319410.37,315204.32,316066.06,,,
PRI,Puerto Rico,EN.ATM.CO2E.KT,"CO2 emissions, total (KtCO2)",0,1,,,,,,,,,,,,,,,,,,,,,,
PRK,"Korea, Dem. Rep.",EN.ATM.CO2E.KT,"CO2 emissions, total (KtCO2)",0,1,244834.59,251145.50,255413.88,262139.16,259641.94,259348.58,256682.67,234688.00,64927.90,71396.49,76966.66,79922.27,76530.29,78209.78,79925.93,83475.59,85034.06,70710.76,78371.12,,,
PRT,Portugal,EN.ATM.CO2E.KT,"CO2 emissions, total (KtCO2)",0,1,43725.31,48239.39,52372.09,47472.98,48767.43,52394.10,50886.96,53376.85,58055.94,64689.55,62966.06,62863.38,66820.07,61275.57,63175.08,65309.27,59108.37,60234.14,56310.45,,,
PRY,Paraguay,EN.ATM.CO2E.KT,"CO2 emissions, total (KtCO2)",0,1,2262.54,2233.20,2621.91,2951.94,3498.32,3964.03,3751.34,4195.05,4503.08,4503.08,3689.00,3821.01,3898.02,4070.37,4088.71,3832.02,3986.03,4136.38,4118.04,,,
PYF,French Polynesia,EN.ATM.CO2E.KT,"CO2 emissions, total (KtCO2)",0,1,630.72,638.06,645.39,649.06,568.39,583.05,557.38,575.72,572.05,575.72,645.39,737.07,748.07,821.41,788.41,854.41,821.41,839.74,891.08,,,
QAT,Qatar,EN.ATM.CO2E.KT,"CO2 emissions, total (KtCO2)",0,1,11774.74,17674.94,26802.10,30722.13,30223.41,30824.80,31825.89,36288.63,32401.61,31407.86,34730.16,30098.74,30788.13,35947.60,44777.74,51895.38,57223.54,67934.84,68477.56,,,
ROM,Romania,EN.ATM.CO2E.KT,"CO2 emissions, total (KtCO2)",0,1,158861.77,137530.84,125063.04,122133.10,116808.62,128524.68,127835.29,115987.21,103680.76,89639.82,89984.51,95672.03,92173.71,95939.72,95378.67,94960.63,102001.27,98422.28,94659.94,,,
RUS,Russian Federation,EN.ATM.CO2E.KT,"CO2 emissions, total (KtCO2)",0,1,,,2220720.53,2030029.20,1752998.35,1692364.50,1668958.04,1577033.69,1511269.71,1534250.80,1553451.21,1544404.72,1537195.40,1584998.41,1602963.04,1615683.87,1669603.44,1667575.58,1708653.32,,,
RWA,Rwanda,EN.ATM.CO2E.KT,"CO2 emissions, total (KtCO2)",0,1,682.06,630.72,638.06,641.73,619.72,612.39,630.72,652.73,641.73,671.06,685.73,689.40,689.40,682.06,689.40,689.40,689.40,715.07,704.06,,,
SAS,South Asia,EN.ATM.CO2E.KT,"CO2 emissions, total (KtCO2)",0,1,782042.76,829911.77,882456.22,917861.10,977600.20,1036972.60,1131962.56,1175882.22,1205405.24,1283446.33,1336053.12,1359910.62,1389855.34,1449891.46,1534610.16,1602354.32,1713919.13,1838124.09,1970176.42,,,
SAU,Saudi Arabia,EN.ATM.CO2E.KT,"CO2 emissions, total (KtCO2)",0,1,215054.88,268475.74,286807.07,315567.35,310616.90,234856.68,258516.17,216826.04,207288.18,227229.32,297749.40,295842.56,323458.74,323671.42,346018.12,367033.70,383399.52,397121.43,433556.74,,,
SDN,Sudan,EN.ATM.CO2E.KT,"CO2 emissions, total (KtCO2)",0,1,5559.17,5386.82,4756.10,2907.93,4444.40,4602.09,4268.39,5419.83,4697.43,5093.46,5533.50,6369.58,8118.74,9072.16,10377.61,11994.76,11683.06,12676.82,14051.94,,,
SEN,Senegal,EN.ATM.CO2E.KT,"CO2 emissions, total (KtCO2)",0,1,3182.96,3424.98,3479.98,3593.66,3901.69,3494.65,3740.34,3263.63,3428.65,3700.00,3938.36,4330.73,4547.08,5012.79,5280.48,5859.87,4789.10,5372.16,4976.12,,,
SGP,Singapore,EN.ATM.CO2E.KT,"CO2 emissions, total (KtCO2)",0,1,46941.27,47425.31,50267.24,54627.30,65367.94,47109.95,55305.69,69240.29,57293.21,50263.57,47623.33,42764.55,42060.49,34653.15,40769.71,50281.90,47865.35,36013.61,32295.27,,,
SID,Small island developing states,EN.ATM.CO2E.KT,"CO2 emissions, total (KtCO2)",0,1,175300.04,176596.64,182115.29,184251.69,205721.80,183093.51,198735.82,213436.83,190483.41,190917.10,199274.19,195875.09,199906.05,193557.04,204421.30,216303.80,225348.13,215935.20,230301.09,,,
SLB,Solomon Islands,EN.ATM.CO2E.KT,"CO2 emissions, total (KtCO2)",0,1,161.35,161.35,161.35,157.68,154.01,161.35,161.35,161.35,161.35,165.02,165.02,172.35,172.35,179.68,179.68,179.68,179.68,198.02,198.02,,,
SLE,Sierra Leone,EN.ATM.CO2E.KT,"CO2 emissions, total (KtCO2)",0,1,388.70,469.38,473.04,506.05,583.05,586.72,623.39,634.39,594.05,583.05,630.72,858.08,1191.78,1224.78,1067.10,1261.45,1239.45,1312.79,1334.79,,,
SLV,El Salvador,EN.ATM.CO2E.KT,"CO2 emissions, total (KtCO2)",0,1,2618.24,3230.63,3428.65,3890.69,4429.74,5280.48,4895.45,5760.86,5812.20,5698.52,5742.52,5947.87,6039.55,6552.93,6277.90,6362.25,6486.92,6901.29,6112.89,,,
SMR,San Marino,EN.ATM.CO2E.KT,"CO2 emissions, total (KtCO2)",0,1,,,,,,,,,,,,,,,,,,,,,,
SOM,Somalia,EN.ATM.CO2E.KT,"CO2 emissions, total (KtCO2)",0,1,18.34,3.67,11.00,11.00,11.00,11.00,,,,,517.05,502.38,572.05,575.72,575.72,579.39,575.72,630.72,649.06,,,
SRB,Serbia,EN.ATM.CO2E.KT,"CO2 emissions, total (KtCO2)",0,1,,,,,,,,,,,,,,,,46567.23,48958.12,48811.44,49933.54,,,
SSA,Sub-Saharan Africa,EN.ATM.CO2E.KT,"CO2 emissions, total (KtCO2)",0,1,464093.67,472215.62,475675.86,494622.16,497102.74,490805.67,506057.19,516327.12,513001.12,520580.69,553951.49,553342.29,557337.12,582613.06,637167.15,644584.53,637809.58,671237.62,684558.62,,,
STP,Sao Tome and Principe,EN.ATM.CO2E.KT,"CO2 emissions, total (KtCO2)",0,1,66.01,69.67,73.34,73.34,73.34,77.01,77.01,77.01,80.67,88.01,88.01,91.68,106.34,110.01,113.68,128.35,128.35,128.35,128.35,,,
SUR,Suriname,EN.ATM.CO2E.KT,"CO2 emissions, total (KtCO2)",0,1,1811.50,2101.19,2112.19,2156.20,2163.53,2181.87,2130.53,2141.53,2163.53,2152.53,2126.86,2266.21,2251.54,2240.54,2284.54,2379.88,2438.56,2438.56,2438.56,,,
SVK,Slovak Republic,EN.ATM.CO2E.KT,"CO2 emissions, total (KtCO2)",0,1,,,45646.82,40971.39,40351.67,43508.96,42793.89,41983.48,43230.26,39863.96,36530.65,39357.91,39251.57,39493.59,38749.19,39174.56,38928.87,36592.99,37557.41,,,
SVN,Slovenia,EN.ATM.CO2E.KT,"CO2 emissions, total (KtCO2)",0,1,,,12970.18,13116.86,11257.69,14513.99,15185.05,16208.14,15522.41,15144.71,14601.99,15148.38,15401.40,15485.74,15716.76,15870.78,16230.14,16193.47,17157.89,,,
SWE,Sweden,EN.ATM.CO2E.KT,"CO2 emissions, total (KtCO2)",0,1,51708.37,55401.04,57131.86,53149.50,56435.13,53560.20,60549.50,54513.62,54953.66,51106.98,49794.19,51128.98,57425.22,54781.31,54506.29,51550.69,49559.51,48045.03,49049.79,,,
SWZ,Swaziland,EN.ATM.CO2E.KT,"CO2 emissions, total (KtCO2)",0,1,425.37,326.36,264.02,132.01,484.04,454.71,341.03,1202.78,1213.78,1239.45,1188.11,1144.10,1125.77,1041.43,1030.43,1019.43,1015.76,1063.43,1092.77,,,
SXM,Sint Maarten (Dutch part),EN.ATM.CO2E.KT,"CO2 emissions, total (KtCO2)",0,1,,,,,,,,,,,,,,,,,,,,,,
SYC,Seychelles,EN.ATM.CO2E.KT,"CO2 emissions, total (KtCO2)",0,1,113.68,143.01,165.02,161.35,187.02,190.68,198.02,414.37,440.04,513.38,564.72,641.73,542.72,557.38,773.74,696.73,744.40,623.39,682.06,,,
SYR,Syrian Arab Republic,EN.ATM.CO2E.KT,"CO2 emissions, total (KtCO2)",0,1,37451.07,43193.59,44436.71,47117.28,48532.75,51558.02,51022.64,52295.09,62709.37,64913.23,63589.45,60908.87,55987.76,70091.04,67520.47,64396.19,68220.87,70897.78,71598.18,,,
TCA,Turks and Caicos Islands,EN.ATM.CO2E.KT,"CO2 emissions, total (KtCO2)",0,1,,,,,,11.00,11.00,11.00,14.67,14.67,14.67,14.67,99.01,102.68,102.68,121.01,143.01,157.68,157.68,,,
TCD,Chad,EN.ATM.CO2E.KT,"CO2 emissions, total (KtCO2)",0,1,146.68,69.67,88.01,99.01,102.68,102.68,106.34,113.68,113.68,121.01,176.02,172.35,168.68,381.37,377.70,399.70,407.04,462.04,495.05,,,
TGO,Togo,EN.ATM.CO2E.KT,"CO2 emissions, total (KtCO2)",0,1,773.74,843.41,836.08,865.41,832.41,953.42,1059.76,986.42,1166.11,1536.47,1356.79,1162.44,1232.11,1463.13,1397.13,1338.46,1221.11,1316.45,1419.13,,,
THA,Thailand,EN.ATM.CO2E.KT,"CO2 emissions, total (KtCO2)",0,1,95833.38,116148.56,126830.53,142554.63,158278.72,181461.50,202711.76,210064.10,186503.62,196947.24,201549.32,217086.40,230635.97,245674.33,267760.67,275164.35,283987.15,282091.31,285732.64,,,
TJK,Tajikistan,EN.ATM.CO2E.KT,"CO2 emissions, total (KtCO2)",0,1,,,7220.32,5170.47,2354.21,2449.56,2827.26,2152.53,2497.23,2519.23,2236.87,2291.88,1881.17,2075.52,2233.20,2291.88,2420.22,3245.30,3146.29,,,
TKM,Turkmenistan,EN.ATM.CO2E.KT,"CO2 emissions, total (KtCO2)",0,1,,,28067.22,27663.85,33476.04,34620.15,31363.85,29930.05,26046.70,35115.19,35646.91,39680.61,41074.07,43160.59,39640.27,41759.80,43871.99,45866.84,47839.68,,,
TMP,Timor-Leste,EN.ATM.CO2E.KT,"CO2 emissions, total (KtCO2)",0,1,,,,,,,,,,,,,161.35,161.35,176.02,176.02,179.68,183.35,190.68,,,
TON,Tonga,EN.ATM.CO2E.KT,"CO2 emissions, total (KtCO2)",0,1,77.01,91.68,88.01,102.68,106.34,110.01,110.01,113.68,110.01,128.35,121.01,139.35,143.01,176.02,172.35,172.35,172.35,176.02,176.02,,,
TTO,Trinidad and Tobago,EN.ATM.CO2E.KT,"CO2 emissions, total (KtCO2)",0,1,16959.88,21048.58,20986.24,16820.53,19853.14,20967.91,21781.98,19229.75,19317.76,22816.07,24513.90,25023.61,26890.11,27696.85,31554.54,30949.48,34480.80,37036.70,49772.19,,,
TUN,Tunisia,EN.ATM.CO2E.KT,"CO2 emissions, total (KtCO2)",0,1,13267.21,15489.41,15023.70,16501.50,15940.45,15735.10,16758.19,16945.21,18001.30,18331.33,19922.81,20817.56,21015.58,21396.95,22445.71,22801.41,23127.77,23868.50,25012.61,,,
TUR,Turkey,EN.ATM.CO2E.KT,"CO2 emissions, total (KtCO2)",0,1,150790.71,151799.13,154494.38,164259.60,161659.70,176705.40,192499.17,202887.78,205421.67,196767.55,216147.65,194538.02,205678.36,218509.20,225406.82,237368.58,261570.78,284658.21,283979.81,,,
TUV,Tuvalu,EN.ATM.CO2E.KT,"CO2 emissions, total (KtCO2)",0,1,,,,,,,,,,,,,,,,,,,,,,
TZA,Tanzania,EN.ATM.CO2E.KT,"CO2 emissions, total (KtCO2)",0,1,2372.55,2434.89,2361.55,2636.57,2445.89,3553.32,3461.65,2882.26,2555.90,2537.56,2651.24,3127.95,3589.99,3806.35,4352.73,5086.13,5379.49,6039.55,6464.92,,,
UGA,Uganda,EN.ATM.CO2E.KT,"CO2 emissions, total (KtCO2)",0,1,817.74,850.74,861.75,821.41,744.40,957.09,1052.43,1133.10,1338.46,1393.46,1532.81,1631.82,1705.16,1719.82,1833.50,2339.55,2706.25,3204.96,3747.67,,,
UKR,Ukraine,EN.ATM.CO2E.KT,"CO2 emissions, total (KtCO2)",0,1,,,641681.00,546111.64,447010.97,445943.87,412335.82,341196.02,328636.54,332549.23,320774.49,321650.91,318684.30,352259.35,343121.19,339028.82,327796.80,328856.56,323532.08,,,
UMC,Upper middle income,EN.ATM.CO2E.KT,"CO2 emissions, total (KtCO2)",0,1,7223726.53,7456999.43,7652334.29,7674832.17,7675342.98,7929610.84,8110512.55,8088624.71,7924734.22,7912614.32,8082046.60,8231887.88,8470540.99,9507163.00,10431909.36,11071500.15,11876092.59,12436188.16,12859967.14,,,
URY,Uruguay,EN.ATM.CO2E.KT,"CO2 emissions, total (KtCO2)",0,1,3993.36,4554.41,5170.47,4466.41,4066.70,4591.08,5441.83,5555.51,5687.52,6725.28,5306.15,5089.80,4620.42,4598.42,5610.51,5775.53,6648.27,5999.21,8327.76,,,
USA,United States,EN.ATM.CO2E.KT,"CO2 emissions, total (KtCO2)",0,1,4879376.21,4870238.04,4876006.23,5167485.06,5227176.49,5237968.47,5343512.06,5501365.41,5449077.66,5528149.18,5512399.42,5389928.95,5437816.30,5471754.39,5563799.75,5595357.96,5514775.63,5581537.03,5461013.74,,,
UZB,Uzbekistan,EN.ATM.CO2E.KT,"CO2 emissions, total (KtCO2)",0,1,,,114014.36,118532.11,110981.76,100912.17,103189.38,101781.25,117571.35,117421.01,119951.24,122037.76,126914.87,122683.15,119272.84,109599.30,115345.49,115840.53,124905.35,,,
VCT,St. Vincent and the Grenadines,EN.ATM.CO2E.KT,"CO2 emissions, total (KtCO2)",0,1,80.67,77.01,84.34,102.68,121.01,132.01,135.68,135.68,165.02,168.68,157.68,179.68,187.02,194.35,194.35,198.02,201.69,201.69,201.69,,,
VEN,"Venezuela, RB",EN.ATM.CO2E.KT,"CO2 emissions, total (KtCO2)",0,1,122162.44,115440.83,105873.62,124355.30,129947.48,133236.78,122752.83,133962.84,167321.54,172616.69,152415.19,172525.02,193261.90,192103.13,168278.63,159584.17,153595.96,163555.53,169532.74,,,
VIR,Virgin Islands (U.S.),EN.ATM.CO2E.KT,"CO2 emissions, total (KtCO2)",0,1,,,,,,,,,,,,,,,,,,,,,,
VNM,Vietnam,EN.ATM.CO2E.KT,"CO2 emissions, total (KtCO2)",0,1,21407.95,21451.95,22387.04,22970.09,26303.39,29247.99,34378.13,45283.78,47781.01,48026.70,53582.20,61631.27,71348.82,79438.22,101678.58,104084.13,83735.95,112290.87,127384.25,,,
VUT,Vanuatu,EN.ATM.CO2E.KT,"CO2 emissions, total (KtCO2)",0,1,69.67,66.01,66.01,66.01,66.01,66.01,84.34,88.01,84.34,84.34,80.67,84.34,84.34,88.01,88.01,55.01,47.67,80.67,91.68,,,
WBG,West Bank and Gaza,EN.ATM.CO2E.KT,"CO2 emissions, total (KtCO2)",0,1,,,,,,,,414.37,608.72,660.06,799.41,1353.12,1166.11,1279.78,1866.50,2742.92,2266.21,2324.88,2053.52,,,
WLD,World,EN.ATM.CO2E.KT,"CO2 emissions, total (KtCO2)",0,1,22529936.00,22867024.00,22445664.00,22467648.00,22896336.00,23401968.00,23903936.00,24361936.00,24292320.00,24076144.00,24688032.00,25281600.00,25483120.00,26706896.00,28106544.00,29205744.00,30136400.00,30649360.00,,,,
WSM,Samoa,EN.ATM.CO2E.KT,"CO2 emissions, total (KtCO2)",0,1,124.68,124.68,128.35,128.35,121.01,132.01,132.01,132.01,132.01,139.35,139.35,143.01,143.01,150.35,154.01,157.68,157.68,161.35,161.35,,,
YEM,"Yemen, Rep.",EN.ATM.CO2E.KT,"CO2 emissions, total (KtCO2)",0,1,-2999.61,10109.92,14381.97,9431.52,11367.70,11250.36,14935.69,15474.74,12200.11,13894.26,14638.66,16252.14,15764.43,17304.57,18881.38,20043.82,20791.89,21976.33,23384.46,,,
ZAF,South Africa,EN.ATM.CO2E.KT,"CO2 emissions, total (KtCO2)",0,1,333513.65,346337.15,324852.20,342549.14,358929.63,353458.46,358639.93,371327.75,372218.84,371034.39,368610.51,362743.31,347686.61,380810.62,414165.65,408199.44,405709.55,433358.73,435877.96,,,
ZAR,"Congo, Dem. Rep.",EN.ATM.CO2E.KT,"CO2 emissions, total (KtCO2)",0,1,4070.37,3755.01,3619.33,3410.31,2478.89,2966.60,3248.96,2926.27,2533.90,2247.87,1646.48,1565.81,1543.81,1697.82,2280.87,2368.88,2460.56,2552.23,2816.26,,,
ZMB,Zambia,EN.ATM.CO2E.KT,"CO2 emissions, total (KtCO2)",0,1,2445.89,2416.55,2456.89,2500.89,2420.22,2170.86,1870.17,2390.88,2313.88,1807.83,1818.83,1906.84,1969.18,2101.19,2108.53,2258.87,2284.54,1719.82,1888.51,,,
ZWE,Zimbabwe,EN.ATM.CO2E.KT,"CO2 emissions, total (KtCO2)",0,1,15504.08,15823.11,16901.20,16208.14,17645.60,15130.04,14994.36,14407.64,14253.63,15834.11,13886.93,12563.14,11932.42,10626.97,9926.57,10773.65,10344.61,9618.54,9075.83,,,
,,,,,,,,,,,,,,,,,,,,,,,,,,,
